Workbook

Sheet 站点
A1: ="【途客】"&TEXT($A$4,"yyyy年mm月dd日")&" 途客 达成数据播报" -> 【途客】1900年01月00日 途客 达成数据播报
A2: 商 | B2: 城市 | C2: 区域 | D2: 站点名称 | E2: 日期 | F2: 单量&人效 | V2: 排名&得分 | X2: 配送准时率 | AC2: 复合严重超时率 | AH2: 配送客诉率 | AK2: 虚假点送达率 | AN2: 有效运力达成率 | AT2: 配送原因未完成订单占比 | AY2: 计划外出勤占比 | BC2: 排班后准确出勤率 | BH2: 排班出勤合格率 | BT2: 精细化排班考核 | BX2: 骑手行为异常率 | CI2: 准时达标站日次 | CL2: 骑手不合格交付订单占比
F3: 月累计完成单 | G3: 同期单量 | H3: 月环比 | I3: 大网单 | J3: 完成单 | K3: 完成单_昨日 | L3: 完成单_环比 | M3: 有单骑手 | N3: 有单骑手_昨日 | O3: 有单骑手_环比 | P3: 人效骑手_数量 | Q3: 人效骑手_昨日 | R3: 人效骑手_环比 | S3: 人效 | T3: 人效_昨日 | U3: 人效_环比 | V3: 排名 | W3: 得分 | X3: 超时量 | Y3: 普通超时 | Z3: 提前送达量 | AA3: 率值 | AB3: 得分 | AC3: 超时10至30 | AD3: 超时30至60 | AE3: 超时60以上 | AF3: 率值 | AG3: 得分 | AH3: 客诉量 | AI3: 率值 | AJ3: 得分 | AK3: 违规量 | AL3: 率值 | AM3: 得分 | AN3: 出勤 | AO3: 达成 | AP3: 指标 | AQ3: 率值 | AR3: 得分 | AS3: 得分 | AT3: 未完成量 | AU3: 占比 | AV3: 扣分 | AW3: 累计未达标次数 | AX3: 累计扣分 | AY3: 计划外出勤时段总人次 | AZ3: 出勤时段总人次 | BA3: 率值 | BB3: 扣分 | BC3: 天气 | BD3: 有排班且考勤正常骑手数 | BE3: 有排班骑手数 | BF3: 率值 | BG3: 得分 | BH3: 全天排班骑手数 | BI3: 全天排班出勤合格数 | BJ3: 全天排班出勤合格率 | BK3: 午高峰排班骑手数 | BL3: 午高峰排班出勤合格数 | BM3: 午高峰排班出勤合格率 | BN3: 晚高峰排班骑手数 | BO3: 晚高峰排班出勤合格数 | BP3: 晚高峰排班出勤合格率 | BQ3: 高峰时段排班出勤合格率 | BR3: 率值 | BS3: 得分 | BT3: 日得分 | BU3: 累计天数 | BV3: 累计得分 | BW3: 月得分 | BX3: 客诉量 | BY3: 提前点送达 | BZ3: 服务态度差 | CA3: 丢餐 | CB3: 未送达指定地点 | CC3: 整单送错 | CD3: 率值 | CE3: 得分 | CF3: 月客诉量 | CG3: 月率值 | CH3: 月得分 | CI3: 是否达标 | CJ3: 累计 | CK3: 扣分 | CL3: 送达前未联系用户量 | CM3: 率值 | CN3: 得分 | CO3: 不看备注量 | CP3: 率值 | CQ3: 得分

Sheet 区域
A1: ="【途客】"&TEXT($A$4,"yyyy年mm月dd日")&" 途客 达成数据播报" -> 【途客】1900年01月00日 途客 达成数据播报
A2: 区域 | B2: 城市 | C2: 区域 | D2: 站点名称 | E2: 日期 | F2: 完成单 | M2: 有单骑手 | P2: 人效骑手 | S2: 人效 | V2: 排名&得分 | X2: 配送准时率 | AC2: 复合严重超时率 | AH2: 配送客诉率 | AK2: 虚假点送达率 | AN2: 有效运力达成率 | AT2: 配送原因未完成订单占比 | AY2: 计划外出勤占比 | BC2: 排班后准确出勤率 | BH2: 排班出勤合格率 | BT2: 精细化排班考核
F3: 月累计完成单 | G3: 同期单量 | H3: 月环比 | I3: 大网单 | J3: =$E$4 -> 0 | K3: =$J$3-1 -> -1 | L3: 环比 | M3: =$J$3 -> 0 | N3: =$J$3-1 -> -1 | O3: 环比 | P3: =$J$3 -> 0 | Q3: =$J$3-1 -> -1 | R3: 环比 | S3: =$J$3 -> 0 | T3: =$J$3-1 -> -1 | U3: 环比 | V3: 排名 | W3: 得分 | X3: 超时量 | Y3: 普通超时 | Z3: 提前送达量 | AA3: 率值 | AB3: 得分 | AC3: 超时10至30 | AD3: 超时30至60 | AE3: 超时60以上 | AF3: 率值 | AG3: 得分 | AH3: 客诉量 | AI3: 率值 | AJ3: 得分 | AK3: 违规量 | AL3: 率值 | AM3: 得分 | AN3: 出勤 | AO3: 达成 | AP3: 指标 | AQ3: 率值 | AR3: 得分 | AS3: 扣分 | AT3: 未完成量 | AU3: 占比 | AV3: 扣分 | AW3: 累计未达标次数 | AX3: 累计扣分 | AY3: 计划外出勤时段总人次 | AZ3: 出勤时段总人次 | BA3: 率值 | BB3: 扣分 | BC3: 天气 | BD3: 有排班且考勤正常骑手数 | BE3: 有排班骑手数 | BF3: 率值 | BG3: 得分 | BH3: 全天排班骑手数 | BI3: 全天排班出勤合格数 | BJ3: 全天排班出勤合格率 | BK3: 午高峰排班骑手数 | BL3: 午高峰排班出勤合格数 | BM3: 午高峰排班出勤合格率 | BN3: 晚高峰排班骑手数 | BO3: 晚高峰排班出勤合格数 | BP3: 晚高峰排班出勤合格率 | BQ3: 高峰时段排班出勤合格率 | BR3: 率值 | BS3: 得分 | BT3: 日得分 | BU3: 累计天数 | BV3: 累计得分 | BW3: 月得分

Sheet 站点-月
A2: 城市 | B2: 区域 | C2: 站点名称 | D2: 日期 | E2: 督导 | F2: 单量&人效 | K2: 目标线/安全线 | O2: 排名&得分 | Q2: 配送准时率 | V2: 复合严重超时率 | AA2: 配送客诉率 | AD2: 骑手行为异常率 | AL2: 虚假点送达率 | AO2: 有效运力达成率 | AV2: 配送原因未完成订单占比 | AY2: 排班后准确出勤率 | BC2: 排班出勤合格率 | BN2: 精细化排班考核 | BO2: 计划外出勤占比 | BR2: 准时达标站日次 | BT2: 骑手不合格交付订单占比
F3: 大网单 | G3: 完成单 | H3: 日均 | I3: 有单骑手 | J3: 人效骑手 | K3: 站点难度 | L3: 目标线 | M3: 安全线 | N3: 优秀差值 | O3: 排名 | P3: 得分 | Q3: 超时量 | R3: 普通超时 | S3: 提前送达量 | T3: 率值 | U3: 得分 | V3: 超时10至30 | W3: 超时30至60 | X3: 超时60以上 | Y3: 率值 | Z3: 得分 | AA3: 客诉量 | AB3: 率值 | AC3: 得分 | AD3: 客诉量 | AE3: 提前点送达 | AF3: 服务态度差 | AG3: 丢餐 | AH3: 未送达指定地点 | AI3: 整单送错 | AJ3: 率值 | AK3: 得分 | AL3: 违规量 | AM3: 率值 | AN3: 得分 | AO3: 出勤 | AP3: 达成 | AQ3: 出勤未达成数 | AR3: 指标 | AS3: 率值 | AT3: 得分 | AU3: 扣分 | AV3: 未完成量 | AW3: 累计未达标次数 | AX3: 累计扣分 | AY3: 天气状况 | AZ3: 有排班且考勤正常骑手数 | BA3: 有排班骑手数 | BB3: 率值 | BC3: 全天排班骑手数 | BD3: 全天排班出勤合格数 | BE3: 全天排班出勤合格率 | BF3: 午高峰排班骑手数 | BG3: 午高峰排班出勤合格数 | BH3: 午高峰排班出勤合格率 | BI3: 晚高峰排班骑手数 | BJ3: 晚高峰排班出勤合格数 | BK3: 晚高峰排班出勤合格率 | BL3: 高峰时段排班出勤合格率 | BM3: 率值 | BN3: 月得分 | BO3: 计划外出勤时段总人次 | BP3: 出勤时段总人次 | BQ3: 率值 | BR3: 累计 | BS3: 扣分 | BT3: 不看备注量 | BU3: 率值 | BV3: 得分 | BW3: 送达前未联系用户量 | BX3: 率值 | BY3: 得分

Sheet T-1达成异常反馈
A1: 请在"√"对应单元格内反馈异常原因
A2: 日期 | B2: 城市 | C2: 区域 | D2: 站点名称 | E2: 反馈项 | F2: 配送准时率 | G2: 复合严重 超时率 | H2: 配送客诉率 | I2: 违规点 送达率 | J2: 有效运力 达成率 | K2: 配送原因未 完成订单占比 | L2: 行为类 客诉率 | M2: 计划外出勤占比 | N2: 排班后准确出勤率 | O2: 精细化排班考核 | P2: 夜配准时率 | Q2: 风控提前点送达率得分 | R2: 不看备注得分 | S2: 送达前未联系用户得分

Sheet KPI未达成优秀
A1: KPI达成明细
A2: 城市 | B2: 区域 | C2: 站点名称 | D2: 上上月达成 | E2: 上月达成 | F2: 当前达成 | G2: 保站备注 | H2: 配送准时率 | J2: 复合严重超时率 | L2: 配送客诉率 | N2: 虚假点送达率 | P2: 有效运力达成率
H3: 率值 | I3: 得分 | J3: 率值 | K3: 得分 | L3: 率值 | M3: 得分 | N3: 率值 | O3: 得分 | P3: 率值 | Q3: 得分

Sheet 尾部站点
A1: 【途客】xxxx年xx月xx日 尾部站点
A2: 日期 | B2: 站点 | C2: 分值 | F2: 站点 | G2: 准时率 | J2: 站点 | K2: 复合严超率 | N2: 站点 | O2: 客诉率 | R2: 站点 | S2: 违规点送达率 | V2: 站点 | W2: 虚假点送达率
C3: =$A$4 -> 0 | D3: =C3-1 -> -1 | E3: 环比 | G3: =$C$3 -> 0 | H3: =$D$3 -> -1 | I3: 环比 | K3: =$C$3 -> 0 | L3: =$D$3 -> -1 | M3: 环比 | O3: =$C$3 -> 0 | P3: =$D$3 -> -1 | Q3: 环比 | S3: =$C$3 -> 0 | T3: =$D$3 -> -1 | U3: 环比 | W3: =$C$3 -> 0 | X3: =$D$3 -> -1 | Y3: 环比

Sheet 配置
A1: 广州 | B1: 分数 | C1: 0 | D1: 80 | E1: 100 | G1: 深圳 | H1: 分数 | I1: 0 | J1: 80 | K1: 100 | M1: 上海 | N1: 分数 | O1: 0 | P1: 80 | Q1: 100 | S1: 惠州 | T1: 分数 | U1: 0 | V1: 80 | W1: 100
A2: 配送准时率 | B2: 25 | C2: 0.88 | D2: 0.93 | E2: 0.94 | G2: 配送准时率 | H2: 25 | I2: 0.88 | J2: 0.93 | K2: 0.94 | M2: 配送准时率 | N2: 20 | O2: 0.88 | P2: 0.93 | Q2: 0.95 | S2: 配送准时率 | T2: 20 | U2: 0.88 | V2: 0.93 | W2: 0.94
A3: 复合严重超时率 | B3: 10 | C3: 0.05 | D3: 0.025 | E3: 0.02 | G3: 复合严重超时率 | H3: 10 | I3: 0.05 | J3: 0.03 | K3: 0.025 | M3: 复合严重超时率 | N3: 15 | O3: 0.05 | P3: 0.025 | Q3: 0.015 | S3: 复合严重超时率 | T3: 15 | U3: 0.05 | V3: 0.025 | W3: 0.015
A4: 配送客诉率 | B4: 15 | C4: 0.00134 | D4: 0.00101 | E4: 0.00086 | G4: 配送客诉率 | H4: 15 | I4: 0.00134 | J4: 0.00101 | K4: 0.00086 | M4: 配送客诉率 | N4: 20 | O4: 0.00134 | P4: 0.00101 | Q4: 0.00086 | S4: 配送客诉率 | T4: 20 | U4: 0.00134 | V4: 0.00101 | W4: 0.00086
A5: 虚假点送达 | B5: 10 | C5: 0.0049 | D5: 0.0037 | E5: 0.0028 | G5: 虚假点送达 | H5: 10 | I5: 0.0049 | J5: 0.0037 | K5: 0.0028 | M5: 虚假点送达 | N5: 10 | O5: 0.0049 | P5: 0.0037 | Q5: 0.0028 | S5: 虚假点送达 | T5: 10 | U5: 0.0049 | V5: 0.0037 | W5: 0.0028
A6: 有效运力达成率 | B6: 40 | C6: 0.85 | D6: 0.95 | E6: 1 | G6: 有效运力达成率 | H6: 40 | I6: 0.85 | J6: 0.95 | K6: 1 | M6: 有效运力达成率 | N6: 30 | O6: 0.85 | P6: 0.95 | Q6: 1 | S6: 有效运力达成率 | T6: 30 | U6: 0.85 | V6: 0.95 | W6: 1
A11: 配送准时率 | B11: =IF($B4="广州",配置!$C$2,IF($B4="深圳",配置!$I$2,IF($B4="上海",配置!$O$2,配置!$U$2))) -> 0.88 | C11: =IF($B4="广州",配置!$D$2,IF($B4="深圳",配置!$J$2,IF($B4="上海",配置!$P$2,配置!$V$2))) -> 0.93 | D11: =IF($B4="广州",配置!$E$2,IF($B4="深圳",配置!$K$2,IF($B4="上海",配置!$Q$2,配置!$W$2))) -> 0.94
A12: 复合严重超时率 | B12: =IF($B4="广州",配置!$C$3,IF($B4="深圳",配置!$I$3,IF($B4="上海",配置!$O$3,配置!$U$3))) -> 0.05 | C12: =IF($B4="广州",配置!$D$3,IF($B4="深圳",配置!$J$3,IF($B4="上海",配置!$P$3,配置!$V$3))) -> 0.025 | D12: =IF($B4="广州",配置!$E$3,IF($B4="深圳",配置!$K$3,IF($B4="上海",配置!$Q$3,配置!$W$3))) -> 0.015
A13: 配送客诉率 | B13: =IF($B4="广州",配置!$C$4,IF($B4="深圳",配置!$I$4,IF($B4="上海",配置!$O$4,配置!$U$4))) -> 0.00134 | C13: =IF($B4="广州",配置!$D$4,IF($B4="深圳",配置!$J$4,IF($B4="上海",配置!$P$4,配置!$V$4))) -> 0.00101 | D13: =IF($B4="广州",配置!$E$4,IF($B4="深圳",配置!$K$4,IF($B4="上海",配置!$Q$4,配置!$W$4))) -> 0.00086
A14: 虚假点送达 | B14: =IF($B4="广州",配置!$C$5,IF($B4="深圳",配置!$I$5,IF($B4="上海",配置!$O$5,配置!$U$5))) -> 0.0049 | C14: =IF($B4="广州",配置!$D$5,IF($B4="深圳",配置!$J$5,IF($B4="上海",配置!$P$5,配置!$V$5))) -> 0.0037 | D14: =IF($B4="广州",配置!$E$5,IF($B4="深圳",配置!$K$5,IF($B4="上海",配置!$Q$5,配置!$W$5))) -> 0.0028
A15: 有效运力达成率 | B15: =IF($B4="广州",配置!$C$6,IF($B4="深圳",配置!$I$6,IF($B4="上海",配置!$O$6,配置!$U$6))) -> 0.85 | C15: =IF($B4="广州",配置!$D$6,IF($B4="深圳",配置!$J$6,IF($B4="上海",配置!$P$6,配置!$V$6))) -> 0.95 | D15: =IF($B4="广州",配置!$E$6,IF($B4="深圳",配置!$K$6,IF($B4="上海",配置!$Q$6,配置!$W$6))) -> 1
